uid,namedLocation,date,nonwoodyCollectDate,domainID,siteID,plotID,plotType,nlcdClass,decimalLatitude,decimalLongitude,geodeticDatum,coordinateUncertainty,easting,northing,utmZone,elevation,elevationUncertainty,samplingImpractical,eventID,eventType,dataCollected,subplotsSampled,samplingProtocolVersion,targetTaxaPresent,woodyTargetTaxaPresent,nonWoodyTargetTaxaPresent,treesPresent,shrubsPresent,lianasPresent,cactiPresent,fernsPresent,yuccasPresent,palmsPresent,ocotillosPresent,xerophyllumPresent,treeFernsPresent,nestedSubplotAreaShrubSapling,nestedSubplotAreaLiana,nestedSubplotAreaFerns,nestedSubplotAreaOther,totalSampledAreaTrees,totalSampledAreaShrubSapling,totalSampledAreaLiana,totalSampledAreaFerns,totalSampledAreaOther,remarks,measuredBy,recordedBy,dataQF,publicationDate,release
"d8ea1023-71db-4b66-ae84-b2ec7eba1751","MLBS_076.basePlot.vst",2015-09-28,NA,"D07","MLBS","MLBS_076","tower","deciduousForest",37.376397,-80.521192,"WGS84",20.2,542391.67,4136736.17,"17N",1170.9,0.3,NA,"vst_MLBS_2015",NA,NA,NA,"NEON.DOC.000987vD",NA,NA,NA,NA,NA,NA,NA,NA,NA,NA,NA,NA,NA,"noneSelected","noneSelected",NA,"noneSelected",800,800,800,NA,800,NA,NA,"mcumberland@field-ops.org","legacyData","20260106T155703Z","RELEASE-2026"
"a412e184-b930-4d81-8d74-9209155b7f68","MLBS_061.basePlot.vst",2015-09-28,NA,"D07","MLBS","MLBS_061","tower","deciduousForest",37.376631,-80.5198,"WGS84",20.1,542514.78,4136762.76,"17N",1169,0.2,NA,"vst_MLBS_2015",NA,NA,NA,"NEON.DOC.000987vE",NA,NA,NA,NA,NA,NA,NA,NA,NA,NA,NA,NA,NA,"100","noneSelected",NA,"noneSelected",800,400,800,NA,800,NA,NA,"djohnson@field-ops.org","legacyData","20260106T155703Z","RELEASE-2026"
"0bed9aac-94f2-464b-aea8-9aea8f541507","MLBS_064.basePlot.vst",2015-09-28,NA,"D07","MLBS","MLBS_064","tower","deciduousForest",37.37556,-80.5202,"WGS84",20.3,542479.97,4136643.76,"17N",1179.4,0.3,NA,"vst_MLBS_2015",NA,NA,NA,"NEON.DOC.000987vE",NA,NA,NA,NA,NA,NA,NA,NA,NA,NA,NA,NA,NA,"100","noneSelected",NA,"noneSelected",800,400,800,NA,800,NA,NA,"jtroxler@field-ops.org","legacyData","20260106T155703Z","RELEASE-2026"
"674d71d9-9ba5-4a78-801d-ef8ee705047a","MLBS_075.basePlot.vst",2015-09-29,NA,"D07","MLBS","MLBS_075","tower","deciduousForest",37.373405,-80.523564,"WGS84",20.1,542183.34,4136403.17,"17N",1170.1,0.1,NA,"vst_MLBS_2015",NA,NA,NA,"NEON.DOC.000987vD",NA,NA,NA,NA,NA,NA,NA,NA,NA,NA,NA,NA,NA,"100","noneSelected",NA,"noneSelected",800,400,800,NA,800,NA,NA,"sstonaha@field-ops.org","legacyData","20260106T155703Z","RELEASE-2026"
"58f9bf75-9825-4fa5-9097-b1d127422930","MLBS_065.basePlot.vst",2015-09-29,NA,"D07","MLBS","MLBS_065","tower","deciduousForest",37.373423,-80.524934,"WGS84",20.1,542062.03,4136404.56,"17N",1165.1,0.1,NA,"vst_MLBS_2015",NA,NA,NA,"NEON.DOC.000987vE",NA,NA,NA,NA,NA,NA,NA,NA,NA,NA,NA,NA,NA,"noneSelected","noneSelected",NA,"noneSelected",800,800,800,NA,800,NA,NA,"mcumberland@field-ops.org","legacyData","20260106T155703Z","RELEASE-2026"
"e4d56383-668e-4c2e-8249-a64237b71245","MLBS_062.basePlot.vst",2015-09-29,NA,"D07","MLBS","MLBS_062","tower","deciduousForest",37.374226,-80.526254,"WGS84",20.3,541944.71,4136493.05,"17N",1170.5,0.6,NA,"vst_MLBS_2015",NA,NA,NA,"NEON.DOC.000987vD",NA,NA,NA,NA,NA,NA,NA,NA,NA,NA,NA,NA,NA,"100","noneSelected",NA,"noneSelected",800,400,800,NA,800,NA,NA,"djohnson@field-ops.org","legacyData","20260106T155703Z","RELEASE-2026"
"45d4d8d5-4390-4f8c-a955-0385ce4882f9","MLBS_069.basePlot.vst",2015-09-30,NA,"D07","MLBS","MLBS_069","tower","deciduousForest",37.377742,-80.522851,"WGS84",20.1,542244.03,4136884.64,"17N",1170.7,0.2,NA,"vst_MLBS_2015",NA,NA,NA,"NEON.DOC.000987vE",NA,NA,NA,NA,NA,NA,NA,NA,NA,NA,NA,NA,NA,"100","noneSelected",NA,"noneSelected",800,400,800,NA,800,NA,NA,"jtroxler@field-ops.org","legacyData","20260106T155703Z","RELEASE-2026"
"31f4a5d4-871a-4ef3-97b9-8f22a01d2b22","MLBS_063.basePlot.vst",2015-09-30,NA,"D07","MLBS","MLBS_063","tower","deciduousForest",37.377486,-80.527932,"WGS84",20.3,541794.33,4136853.98,"17N",1175.7,0.4,NA,"vst_MLBS_2015",NA,NA,NA,"NEON.DOC.000987vD",NA,NA,NA,NA,NA,NA,NA,NA,NA,NA,NA,NA,NA,"100","noneSelected",NA,"noneSelected",800,400,800,NA,800,NA,NA,"djohnson@field-ops.org","legacyData","20260106T155703Z","RELEASE-2026"
"5fb13f0d-d835-4fe9-846a-87b6f7e01be4","MLBS_073.basePlot.vst",2015-09-30,NA,"D07","MLBS","MLBS_073","tower","deciduousForest",37.378019,-80.525926,"WGS84",20.3,541971.63,4136914,"17N",1172.5,0.3,NA,"vst_MLBS_2015",NA,NA,NA,"NEON.DOC.000987vD",NA,NA,NA,NA,NA,NA,NA,NA,NA,NA,NA,NA,NA,"noneSelected","noneSelected",NA,"noneSelected",800,800,800,NA,800,NA,NA,"sstonaha@field-ops.org","legacyData","20260106T155703Z","RELEASE-2026"
"6d496ea5-982f-4cbf-9f98-309dbeb948e3","MLBS_074.basePlot.vst",2015-09-30,NA,"D07","MLBS","MLBS_074","tower","deciduousForest",37.377774,-80.524592,"WGS84",20.1,542089.87,4136887.41,"17N",1171.4,0.2,NA,"vst_MLBS_2015",NA,NA,NA,"NEON.DOC.000987vD",NA,NA,NA,NA,NA,NA,NA,NA,NA,NA,NA,NA,NA,"noneSelected","noneSelected",NA,"noneSelected",800,800,800,NA,800,NA,NA,"djohnson@field-ops.org","legacyData","20260106T155703Z","RELEASE-2026"
"24de7404-896d-480e-8578-239cda1af05e","MLBS_066.basePlot.vst",2015-09-30,NA,"D07","MLBS","MLBS_066","tower","deciduousForest",37.376918,-80.525892,"WGS84",20.1,541975.26,4136791.87,"17N",1172.6,0.2,NA,"vst_MLBS_2015",NA,NA,NA,"NEON.DOC.000987vD",NA,NA,NA,NA,NA,NA,NA,NA,NA,NA,NA,NA,NA,"100","noneSelected",NA,"noneSelected",800,400,800,NA,800,NA,NA,"djohnson@field-ops.org","legacyData","20260106T155703Z","RELEASE-2026"
"4a1dddb4-b822-4818-9f16-ffeaa38d9dc6","MLBS_067.basePlot.vst",2015-09-30,NA,"D07","MLBS","MLBS_067","tower","deciduousForest",37.378569,-80.527279,"WGS84",20.1,541851.54,4136974.42,"17N",1171.6,0.3,NA,"vst_MLBS_2015",NA,NA,NA,"NEON.DOC.000987vD",NA,NA,NA,NA,NA,NA,NA,NA,NA,NA,NA,NA,NA,"100","noneSelected",NA,"noneSelected",800,400,800,NA,800,NA,NA,"djohnson@field-ops.org","legacyData","20260106T155703Z","RELEASE-2026"
"acd4efc1-4a37-4aac-a6a7-46ba1012f0ff","MLBS_009.basePlot.vst",2018-09-24,NA,"D07","MLBS","MLBS_009","distributed","deciduousForest",37.374434,-80.518487,"WGS84",20.2,542632.27,4136519.61,"17N",1177.6,0.2,NA,"vst_MLBS_2018",NA,NA,"31_100|32_100|40_100|41_100","NEON.DOC.000987vG","Y","Y","N","Y","Y","N","N","N","N","N","N","N",NA,"25","noneSelected",NA,"noneSelected",400,200,400,NA,400,NA,NA,NA,NA,"20260106T155111Z","RELEASE-2026"
"26e1cced-1f55-45f9-a35e-ed1bbb0dfeea","MLBS_010.basePlot.vst",2018-09-25,NA,"D07","MLBS","MLBS_010","distributed","deciduousForest",37.365565,-80.526343,"WGS84",20.1,541941.65,4135532.15,"17N",1237,0.2,NA,"vst_MLBS_2018",NA,NA,"31_100|32_100|40_100|41_100","NEON.DOC.000987vG","Y","Y","N","Y","Y","N","N","N","N","N","N","N",NA,"noneSelected","noneSelected",NA,"noneSelected",400,400,400,NA,400,NA,NA,NA,NA,"20260106T155111Z","RELEASE-2026"
"6de4c8b0-0709-444a-9a83-8bdf78c784d1","MLBS_005.basePlot.vst",2018-09-25,NA,"D07","MLBS","MLBS_005","distributed","deciduousForest",37.363106,-80.521589,"WGS84",20.2,542363.99,4135261.47,"17N",1266.8,0.3,NA,"vst_MLBS_2018",NA,NA,"31_100|32_100|40_100|41_100","NEON.DOC.000987vG","Y","Y","N","Y","Y","N","N","N","N","N","N","N",NA,"noneSelected","noneSelected",NA,"noneSelected",400,400,400,NA,400,NA,NA,NA,NA,"20260106T155111Z","RELEASE-2026"
"54350620-22ed-4eb2-956c-054b8281a67d","MLBS_003.basePlot.vst",2018-09-25,NA,"D07","MLBS","MLBS_003","distributed","deciduousForest",37.368528,-80.526975,"WGS84",20.2,541884.04,4135860.59,"17N",1223.1,0.3,NA,"vst_MLBS_2018",NA,NA,"31_100|32_100|40_100|41_100","NEON.DOC.000987vG","Y","Y","N","Y","Y","N","N","N","N","N","N","N",NA,"noneSelected","noneSelected",NA,"noneSelected",400,400,400,NA,400,NA,NA,NA,NA,"20260106T155111Z","RELEASE-2026"
"4ca0c6af-edcb-4b08-9e33-40505b4cbc89","MLBS_019.basePlot.vst",2018-09-27,NA,"D07","MLBS","MLBS_019","distributed","deciduousForest",37.42436,-80.551226,"WGS84",20.1,539707.25,4142044.2,"17N",785.3,0.2,NA,"vst_MLBS_2018",NA,NA,"31_100|32_100|40_100|41_100","NEON.DOC.000987vG","Y","Y","N","Y","Y","N","N","N","N","N","N","N",NA,"25","noneSelected",NA,"noneSelected",400,200,400,NA,400,NA,NA,NA,NA,"20260106T155111Z","RELEASE-2026"
"129efdd1-97ed-4853-bba1-92ebacfda4ed","MLBS_016.basePlot.vst",2018-09-27,NA,"D07","MLBS","MLBS_016","distributed","deciduousForest",37.415022,-80.574956,"WGS84",20.2,537612.3,4140998.49,"17N",760.9,0.4,NA,"vst_MLBS_2018",NA,NA,"31_100|32_100|40_100|41_100","NEON.DOC.000987vG","Y","Y","N","Y","Y","N","N","N","N","N","N","N",NA,"25","noneSelected",NA,"noneSelected",400,200,400,NA,400,NA,NA,NA,NA,"20260106T155111Z","RELEASE-2026"
"0a9bb3ca-deb6-4501-9ad7-da41e2454fc3","MLBS_071.basePlot.vst",2015-10-01,NA,"D07","MLBS","MLBS_071","tower","deciduousForest",37.37664,-80.524185,"WGS84",20.2,542126.54,4136761.79,"17N",1169.5,0.2,NA,"vst_MLBS_2015",NA,NA,NA,"NEON.DOC.000987vD",NA,NA,NA,NA,NA,NA,NA,NA,NA,NA,NA,NA,NA,"noneSelected","noneSelected",NA,"noneSelected",800,800,800,NA,800,NA,NA,"sstonaha@field-ops.org","legacyData","20260106T154245Z","RELEASE-2026"
"f54f6e3a-fcff-4bb2-b27f-6904401521c5","MLBS_072.basePlot.vst",2015-10-01,NA,"D07","MLBS","MLBS_072","tower","deciduousForest",37.375302,-80.525243,"WGS84",20.2,542033.62,4136612.88,"17N",1170.2,0.2,NA,"vst_MLBS_2015",NA,NA,NA,"NEON.DOC.000987vD",NA,NA,NA,NA,NA,NA,NA,NA,NA,NA,NA,NA,NA,"noneSelected","noneSelected",NA,"noneSelected",800,800,800,NA,800,NA,NA,"sstonaha@field-ops.org","legacyData","20260106T154245Z","RELEASE-2026"
"1e62006a-b7c3-4af2-a351-10ddd11f1b9d","MLBS_070.basePlot.vst",2015-10-01,NA,"D07","MLBS","MLBS_070","tower","deciduousForest",37.375576,-80.526582,"WGS84",20.2,541914.91,4136642.68,"17N",1167.2,0.3,NA,"vst_MLBS_2015",NA,NA,NA,"NEON.DOC.000987vD",NA,NA,NA,NA,NA,NA,NA,NA,NA,NA,NA,NA,NA,"noneSelected","noneSelected",NA,"noneSelected",800,800,800,NA,800,NA,NA,"sstonaha@field-ops.org","legacyData","20260106T154245Z","RELEASE-2026"
"c40abcf0-7f2d-4362-9028-62097ee9f80e","MLBS_068.basePlot.vst",2015-10-01,NA,"D07","MLBS","MLBS_068","tower","deciduousForest",37.375876,-80.528303,"WGS84",20.1,541762.37,4136675.2,"17N",1166.6,0.3,NA,"vst_MLBS_2015",NA,NA,NA,"NEON.DOC.000987vD",NA,NA,NA,NA,NA,NA,NA,NA,NA,NA,NA,NA,NA,"noneSelected","noneSelected",NA,"noneSelected",800,800,800,NA,800,NA,NA,"sstonaha@field-ops.org","legacyData","20260106T154245Z","RELEASE-2026"
"ec8016a2-fbdc-4739-b525-443a927afa87","MLBS_015.basePlot.vst",2018-10-02,NA,"D07","MLBS","MLBS_015","distributed","deciduousForest",37.414692,-80.568195,"WGS84",20.1,538210.75,4140964.6,"17N",786.3,0.2,NA,"vst_MLBS_2018",NA,NA,"31_100|32_100|40_100|41_100","NEON.DOC.000987vG","Y","Y","N","Y","Y","N","N","N","N","N","N","N",NA,"noneSelected","noneSelected",NA,"noneSelected",400,400,400,NA,400,NA,NA,NA,NA,"20260106T155034Z","RELEASE-2026"
"ec673d4c-09f0-4f9d-a3b5-7364d5738cda","MLBS_014.basePlot.vst",2018-10-02,NA,"D07","MLBS","MLBS_014","distributed","deciduousForest",37.417102,-80.557337,"WGS84",20.2,539170.33,4141236.42,"17N",784.4,0.2,NA,"vst_MLBS_2018",NA,NA,"31_100|32_100|40_100|41_100","NEON.DOC.000987vG","Y","Y","N","Y","Y","N","N","N","N","N","N","N",NA,"3","noneSelected",NA,"noneSelected",400,24,400,NA,400,NA,NA,NA,NA,"20260106T155034Z","RELEASE-2026"
"56fd0933-4ba3-4bee-b3eb-a8ac5fc71daf","MLBS_001.basePlot.vst",2018-10-03,NA,"D07","MLBS","MLBS_001","distributed","deciduousForest",37.3607,-80.524992,"WGS84",20.2,542063.99,4134993.03,"17N",1310.9,0.2,NA,"vst_MLBS_2018",NA,NA,"31_100|32_100|40_100|41_100","NEON.DOC.000987vG","Y","Y","N","Y","Y","N","N","N","N","N","N","N",NA,"noneSelected","noneSelected",NA,"noneSelected",400,400,400,NA,400,NA,NA,NA,NA,"20260106T155034Z","RELEASE-2026"
"6defe60a-6ad0-4dd4-9cd9-161d2b73ccec","MLBS_017.basePlot.vst",2018-10-03,NA,"D07","MLBS","MLBS_017","distributed","deciduousForest",37.358817,-80.526049,"WGS84",20.1,541971.44,4134783.65,"17N",1318.1,0.1,NA,"vst_MLBS_2018",NA,NA,"31_100|32_100|40_100|41_100","NEON.DOC.000987vG","Y","Y","N","Y","Y","N","N","N","N","N","N","N",NA,"10","noneSelected",NA,"noneSelected",400,80,400,NA,400,NA,NA,NA,NA,"20260106T155034Z","RELEASE-2026"
"aff8f86a-75b7-4aed-89bb-e23ba3930cf3","MLBS_011.basePlot.vst",2018-10-03,NA,"D07","MLBS","MLBS_011","distributed","deciduousForest",37.359448,-80.521143,"WGS84",20.1,542405.54,4134855.85,"17N",1286.3,0.2,NA,"vst_MLBS_2018",NA,NA,"31_100|32_100|40_100|41_100","NEON.DOC.000987vG","Y","Y","N","Y","Y","N","N","N","N","N","N","N",NA,"25","noneSelected",NA,"noneSelected",400,200,400,NA,400,NA,NA,NA,NA,"20260106T155034Z","RELEASE-2026"
"8608bf83-c6d7-4d5f-858c-cbdd39017ee9","MLBS_012.basePlot.vst",2018-10-04,NA,"D07","MLBS","MLBS_012","distributed","deciduousForest",37.357284,-80.522508,"WGS84",20.1,542285.88,4134615.16,"17N",1284.3,0.2,NA,"vst_MLBS_2018",NA,NA,"31_100|32_100|40_100|41_100","NEON.DOC.000987vG","Y","Y","N","Y","Y","N","N","N","N","N","N","N",NA,"10","noneSelected",NA,"noneSelected",400,80,400,NA,400,NA,NA,NA,NA,"20260106T155034Z","RELEASE-2026"
"5da01803-d65b-4c15-a684-1f9579d15a32","MLBS_002.basePlot.vst",2018-10-04,NA,"D07","MLBS","MLBS_002","distributed","deciduousForest",37.372058,-80.524252,"WGS84",20.2,542123.17,4136253.43,"17N",1178.5,0.3,NA,"vst_MLBS_2018",NA,NA,"31_100|32_100|40_100|41_100","NEON.DOC.000987vG","Y","Y","N","Y","Y","N","N","N","N","N","N","N",NA,"25","noneSelected",NA,"noneSelected",400,200,400,NA,400,NA,NA,NA,NA,"20260106T155034Z","RELEASE-2026"
"b1c1ce51-3da2-4bf2-a896-02b639387f2c","MLBS_064.basePlot.vst",2018-10-15,NA,"D07","MLBS","MLBS_064","tower","deciduousForest",37.37556,-80.5202,"WGS84",20.3,542479.97,4136643.76,"17N",1179.4,0.3,NA,"vst_MLBS_2018",NA,NA,"21_400|41_400","NEON.DOC.000987vG","Y","Y","Y","Y","Y","N","N","Y","N","N","N","N",NA,"100","noneSelected",NA,"100",800,400,800,NA,400,NA,NA,NA,NA,"20260106T155034Z","RELEASE-2026"
"da2db204-002e-4c53-a8cb-5f073dc87097","MLBS_004.basePlot.vst",2018-10-16,NA,"D07","MLBS","MLBS_004","distributed","deciduousForest",37.429342,-80.511896,"WGS84",20.1,543184.31,4142614.2,"17N",890.4,0.2,NA,"vst_MLBS_2018",NA,NA,"31_100|32_100|40_100|41_100","NEON.DOC.000987vG","Y","Y","N","Y","Y","N","N","N","N","N","N","N",NA,"10","noneSelected",NA,"noneSelected",400,80,400,NA,400,NA,NA,NA,NA,"20260106T155034Z","RELEASE-2026"
"d55563ca-2265-422f-9d85-0f5a8bb54bfe","MLBS_018.basePlot.vst",2018-10-16,NA,"D07","MLBS","MLBS_018","distributed","deciduousForest",37.426259,-80.489231,"WGS84",20.3,545191.43,4142282.79,"17N",975.8,0.6,NA,"vst_MLBS_2018",NA,NA,"31_100|32_100|40_100|41_100","NEON.DOC.000987vG","Y","Y","N","Y","Y","N","N","N","N","N","N","N",NA,"noneSelected","noneSelected",NA,"noneSelected",400,400,400,NA,400,NA,NA,NA,NA,"20260106T155034Z","RELEASE-2026"
"e144f485-45ef-4a34-ab68-e075105071ac","MLBS_008.basePlot.vst",2018-10-16,NA,"D07","MLBS","MLBS_008","distributed","deciduousForest",37.426865,-80.499069,"WGS84",20.2,544320.63,4142345.35,"17N",939,0.3,NA,"vst_MLBS_2018",NA,NA,"31_100|32_100|40_100|41_100","NEON.DOC.000987vG","Y","Y","N","Y","N","N","N","N","N","N","N","N",NA,"noneSelected","noneSelected",NA,"noneSelected",400,400,400,NA,400,NA,NA,NA,NA,"20260106T155034Z","RELEASE-2026"
"e5cbdd6e-6b95-4852-8b4d-89480f1571a4","MLBS_007.basePlot.vst",2018-10-17,NA,"D07","MLBS","MLBS_007","distributed","deciduousForest",37.427946,-80.571837,"WGS84",20.1,537881.79,4142433.55,"17N",806.2,0.2,NA,"vst_MLBS_2018",NA,NA,"31_100|32_100|40_100|41_100","NEON.DOC.000987vG","Y","Y","N","Y","Y","N","N","N","N","N","N","N",NA,"10","noneSelected",NA,"noneSelected",400,80,400,NA,400,NA,NA,NA,NA,"20260106T155034Z","RELEASE-2026"
"e30345b8-bf07-4f5c-adb9-ee16f8c7c48d","MLBS_006.basePlot.vst",2018-10-17,NA,"D07","MLBS","MLBS_006","distributed","deciduousForest",37.426799,-80.564064,"WGS84",20.1,538570.1,4142309.46,"17N",777,0.2,NA,"vst_MLBS_2018",NA,NA,"31_100|32_100|40_100|41_100","NEON.DOC.000987vG","Y","Y","N","Y","N","N","N","N","N","N","N","N",NA,"noneSelected","noneSelected",NA,"noneSelected",400,400,400,NA,400,NA,NA,NA,NA,"20260106T155034Z","RELEASE-2026"
"a0a48f1d-d930-4be5-bc82-5d89892ecaad","MLBS_020.basePlot.vst",2018-10-17,NA,"D07","MLBS","MLBS_020","distributed","deciduousForest",37.427133,-80.568447,"WGS84",20.1,538182.13,4142344.73,"17N",785.7,0.1,NA,"vst_MLBS_2018",NA,NA,"31_100|32_100|40_100|41_100","NEON.DOC.000987vG","Y","Y","N","Y","N","N","N","N","N","N","N","N",NA,"noneSelected","noneSelected",NA,"noneSelected",400,400,400,NA,400,NA,NA,NA,NA,"20260106T155034Z","RELEASE-2026"
"2f62373b-2b8e-44ff-904a-4b88279e4ee7","MLBS_013.basePlot.vst",2018-10-18,NA,"D07","MLBS","MLBS_013","distributed","deciduousForest",37.432507,-80.559608,"WGS84",20.2,538961.39,4142944.55,"17N",817.7,0.6,NA,"vst_MLBS_2018",NA,NA,"31_100|32_100|40_100|41_100","NEON.DOC.000987vG","Y","Y","N","Y","Y","N","N","N","N","N","N","N",NA,"10","noneSelected",NA,"noneSelected",400,80,400,NA,400,NA,NA,NA,NA,"20260106T155034Z","RELEASE-2026"
"8e4cc064-16a9-4349-a069-6d6f96598767","MLBS_061.basePlot.vst",2018-10-18,NA,"D07","MLBS","MLBS_061","tower","deciduousForest",37.376631,-80.5198,"WGS84",20.1,542514.78,4136762.76,"17N",1169,0.2,NA,"vst_MLBS_2018",NA,NA,"23_400|41_400","NEON.DOC.000987vG","Y","Y","Y","Y","Y","N","N","Y","N","N","N","N",NA,"100","noneSelected",NA,"3",800,400,800,NA,12,NA,NA,NA,NA,"20260106T155034Z","RELEASE-2026"
"03cffe13-546f-4170-a7d2-e8ab0576709b","MLBS_072.basePlot.vst",2018-10-22,NA,"D07","MLBS","MLBS_072","tower","deciduousForest",37.375302,-80.525243,"WGS84",20.2,542033.62,4136612.88,"17N",1170.2,0.2,NA,"vst_MLBS_2018",NA,NA,"21_400|39_400","NEON.DOC.000987vG","Y","Y","Y","Y","Y","N","N","Y","N","N","N","N",NA,"noneSelected","noneSelected",NA,"1",800,800,800,NA,4,NA,NA,NA,NA,"20260106T155034Z","RELEASE-2026"
"9a05637b-dbb3-4ce3-9c02-35578a6ec912","MLBS_070.basePlot.vst",2018-10-24,NA,"D07","MLBS","MLBS_070","tower","deciduousForest",37.375576,-80.526582,"WGS84",20.2,541914.91,4136642.68,"17N",1167.2,0.3,NA,"vst_MLBS_2018",NA,NA,"21_400|41_400","NEON.DOC.000987vG","Y","Y","Y","Y","Y","N","N","Y","N","N","N","N",NA,"noneSelected","noneSelected",NA,"1",800,800,800,NA,4,NA,NA,NA,NA,"20260106T155034Z","RELEASE-2026"
"64a148a3-1b4c-4d0b-aaba-d385feefaf74","MLBS_076.basePlot.vst",2018-10-24,NA,"D07","MLBS","MLBS_076","tower","deciduousForest",37.376397,-80.521192,"WGS84",20.2,542391.67,4136736.17,"17N",1170.9,0.3,NA,"vst_MLBS_2018",NA,NA,"23_400|39_400","NEON.DOC.000987vG","Y","Y","Y","Y","Y","N","N","Y","N","N","N","N",NA,"noneSelected","noneSelected",NA,"3",800,800,800,NA,12,NA,NA,NA,NA,"20260106T155034Z","RELEASE-2026"
"0aff88e1-a05a-42c3-87aa-0028b28abaee","MLBS_068.basePlot.vst",2018-10-25,NA,"D07","MLBS","MLBS_068","tower","deciduousForest",37.375876,-80.528303,"WGS84",20.1,541762.37,4136675.2,"17N",1166.6,0.3,NA,"vst_MLBS_2018",NA,NA,"21_400|23_400","NEON.DOC.000987vG","Y","Y","Y","Y","Y","N","N","Y","N","N","N","N",NA,"noneSelected","noneSelected",NA,"noneSelected",800,800,800,NA,800,NA,NA,NA,NA,"20260106T155034Z","RELEASE-2026"
"a8b78924-9230-4d14-aa7e-dadb1ea15551","MLBS_067.basePlot.vst",2018-10-30,NA,"D07","MLBS","MLBS_067","tower","deciduousForest",37.378569,-80.527279,"WGS84",20.1,541851.54,4136974.42,"17N",1171.6,0.3,NA,"vst_MLBS_2018",NA,NA,"21_400|41_400","NEON.DOC.000987vE","Y","Y","Y","Y","Y","N","N","Y","N","N","N","N",NA,"100","noneSelected",NA,"1",800,400,800,NA,4,NA,NA,NA,NA,"20260106T155034Z","RELEASE-2026"
"6e6d4553-90ab-41b9-aaaa-ecdc35338b01","MLBS_063.basePlot.vst",2018-10-30,NA,"D07","MLBS","MLBS_063","tower","deciduousForest",37.377486,-80.527932,"WGS84",20.3,541794.33,4136853.98,"17N",1175.7,0.4,NA,"vst_MLBS_2018",NA,NA,"23_400|41_400","NEON.DOC.000987vE","Y","Y","Y","Y","Y","N","N","Y","N","N","N","N",NA,"100","noneSelected",NA,"100",800,400,800,NA,400,NA,NA,NA,NA,"20260106T155034Z","RELEASE-2026"
"00845b78-bd10-41ea-86c7-5d6173dc7cec","MLBS_071.basePlot.vst",2018-10-31,NA,"D07","MLBS","MLBS_071","tower","deciduousForest",37.37664,-80.524185,"WGS84",20.2,542126.54,4136761.79,"17N",1169.5,0.2,NA,"vst_MLBS_2018",NA,NA,"21_400|23_400","NEON.DOC.000987vE","Y","Y","Y","Y","Y","N","N","Y","N","N","N","N",NA,"noneSelected","noneSelected",NA,"1",800,800,800,NA,4,NA,NA,NA,NA,"20260106T155034Z","RELEASE-2026"
"08eb58ca-2098-4ff7-a49f-77002740c5b3","MLBS_073.basePlot.vst",2018-10-31,NA,"D07","MLBS","MLBS_073","tower","deciduousForest",37.378019,-80.525926,"WGS84",20.3,541971.63,4136914,"17N",1172.5,0.3,NA,"vst_MLBS_2018",NA,NA,"23_400|41_400","NEON.DOC.000987vE","Y","Y","Y","Y","Y","N","N","Y","N","N","N","N",NA,"noneSelected","noneSelected",NA,"3",800,800,800,NA,12,NA,NA,NA,NA,"20260106T155034Z","RELEASE-2026"
"ca9dc0ed-2538-4b11-9ead-a76ffd994fb8","MLBS_066.basePlot.vst",2018-10-31,NA,"D07","MLBS","MLBS_066","tower","deciduousForest",37.376918,-80.525892,"WGS84",20.1,541975.26,4136791.87,"17N",1172.6,0.2,NA,"vst_MLBS_2018",NA,NA,"23_400|41_400","NEON.DOC.000987vE","Y","Y","Y","Y","Y","N","N","Y","N","N","N","N",NA,"noneSelected","noneSelected",NA,"1",800,800,800,NA,4,NA,NA,NA,NA,"20260106T155034Z","RELEASE-2026"
"282f0c5b-c718-4b4e-a0b8-1b7af184743a","MLBS_074.basePlot.vst",2018-11-01,NA,"D07","MLBS","MLBS_074","tower","deciduousForest",37.377774,-80.524592,"WGS84",20.1,542089.87,4136887.41,"17N",1171.4,0.2,NA,"vst_MLBS_2018",NA,NA,"23_400|41_400","NEON.DOC.000987vE","Y","Y","Y","Y","Y","N","N","Y","N","N","N","N",NA,"noneSelected","noneSelected",NA,"25",800,800,800,NA,100,NA,NA,NA,NA,"20260106T154702Z","RELEASE-2026"
"5db7e562-9143-4c6b-ae5a-f37a9aec526f","MLBS_075.basePlot.vst",2018-11-01,NA,"D07","MLBS","MLBS_075","tower","deciduousForest",37.373405,-80.523564,"WGS84",20.1,542183.34,4136403.17,"17N",1170.1,0.1,NA,"vst_MLBS_2018",NA,NA,"39_400|41_400","NEON.DOC.000987vE","Y","Y","Y","Y","Y","N","N","Y","N","N","N","N",NA,"100","noneSelected",NA,"25",800,400,800,NA,100,NA,NA,NA,NA,"20260106T154702Z","RELEASE-2026"
"859b1286-3efa-4bad-94f9-252776cbdc61","MLBS_069.basePlot.vst",2018-11-01,NA,"D07","MLBS","MLBS_069","tower","deciduousForest",37.377742,-80.522851,"WGS84",20.1,542244.03,4136884.64,"17N",1170.7,0.2,NA,"vst_MLBS_2018",NA,NA,"21_400|39_400","NEON.DOC.000987vE","Y","Y","Y","Y","Y","N","N","Y","N","N","N","N",NA,"100","noneSelected",NA,"25",800,400,800,NA,100,NA,NA,NA,NA,"20260106T154702Z","RELEASE-2026"
"7800b54b-2e32-4e92-86ab-4ac80f4c5880","MLBS_065.basePlot.vst",2018-11-27,NA,"D07","MLBS","MLBS_065","tower","deciduousForest",37.373423,-80.524934,"WGS84",20.1,542062.03,4136404.56,"17N",1165.1,0.1,NA,"vst_MLBS_2018",NA,NA,"21_400|41_400","NEON.DOC.000987vE","Y","Y","Y","Y","Y","N","N","Y","N","N","N","N",NA,"noneSelected","noneSelected",NA,"1",800,800,800,NA,4,NA,NA,NA,NA,"20260106T154702Z","RELEASE-2026"
"0216359f-567f-4acd-bf6d-44ff890218f8","MLBS_062.basePlot.vst",2018-11-27,NA,"D07","MLBS","MLBS_062","tower","deciduousForest",37.374226,-80.526254,"WGS84",20.3,541944.71,4136493.05,"17N",1170.5,0.6,NA,"vst_MLBS_2018",NA,NA,"23_400|39_400","NEON.DOC.000987vE","Y","Y","N","Y","Y","N","N","N","N","N","N","N",NA,"100","noneSelected",NA,"noneSelected",800,400,800,NA,800,NA,NA,NA,NA,"20260106T154702Z","RELEASE-2026"
"ffcc253c-6df2-41a5-8486-6ee8449f9318","MLBS_064.basePlot.vst",2019-07-22,NA,"D07","MLBS","MLBS_064","tower","deciduousForest",37.37556,-80.5202,"WGS84",20.3,542479.97,4136643.76,"17N",1179.4,0.3,NA,"vst_MLBS_2019",NA,NA,"21_400|41_400","NEON.DOC.000987vJ","Y",NA,NA,"Y","Y","N","N","Y","N","N","N","N",NA,"100","noneSelected",NA,"100",800,400,800,NA,400,NA,NA,NA,NA,"20260106T154851Z","RELEASE-2026"
"82469f4e-5fac-4815-a423-d142573b9114","MLBS_061.basePlot.vst",2019-07-22,NA,"D07","MLBS","MLBS_061","tower","deciduousForest",37.376631,-80.5198,"WGS84",20.1,542514.78,4136762.76,"17N",1169,0.2,NA,"vst_MLBS_2019",NA,NA,"23_400|41_400","NEON.DOC.000987vJ","Y",NA,NA,"Y","Y","N","N","Y","N","N","N","N",NA,"100","noneSelected",NA,"3",800,400,800,NA,12,NA,NA,NA,NA,"20260106T154851Z","RELEASE-2026"
"dbf2927c-0c5b-4d7e-a662-f03126d7b170","MLBS_063.basePlot.vst",2019-07-23,NA,"D07","MLBS","MLBS_063","tower","deciduousForest",37.377486,-80.527932,"WGS84",20.3,541794.33,4136853.98,"17N",1175.7,0.4,NA,"vst_MLBS_2019",NA,NA,"23_400|41_400","NEON.DOC.000987vJ","Y",NA,NA,"Y","N","N","N","Y","N","N","N","N",NA,"noneSelected","noneSelected",NA,"100",800,400,800,NA,400,NA,NA,NA,NA,"20260106T154851Z","RELEASE-2026"
"dfa9e0ea-ca29-4557-8cb3-e3e0041217d5","MLBS_065.basePlot.vst",2019-07-23,NA,"D07","MLBS","MLBS_065","tower","deciduousForest",37.373423,-80.524934,"WGS84",20.1,542062.03,4136404.56,"17N",1165.1,0.1,NA,"vst_MLBS_2019",NA,NA,"21_400|41_400","NEON.DOC.000987vJ","Y",NA,NA,"Y","Y","N","N","Y","N","N","N","N",NA,"noneSelected","noneSelected",NA,"1",800,800,800,NA,4,NA,NA,NA,NA,"20260106T154851Z","RELEASE-2026"
"8c7d2e41-a6b2-4eee-a746-39e658b4673f","MLBS_062.basePlot.vst",2019-07-23,NA,"D07","MLBS","MLBS_062","tower","deciduousForest",37.374226,-80.526254,"WGS84",20.3,541944.71,4136493.05,"17N",1170.5,0.6,NA,"vst_MLBS_2019",NA,NA,"23_400|39_400","NEON.DOC.000987vJ","Y",NA,"N","Y","Y","N","N","N","N","N","N","N",NA,"noneSelected","noneSelected",NA,"noneSelected",800,400,800,NA,800,NA,NA,NA,NA,"20260106T154851Z","RELEASE-2026"
"b141e5cf-1173-444f-a1bb-7bfce546ea55","MLBS_015.basePlot.vst",2019-11-05,NA,"D07","MLBS","MLBS_015","distributed","deciduousForest",37.414692,-80.568195,"WGS84",20.1,538210.75,4140964.6,"17N",786.3,0.2,NA,"vst_MLBS_2019",NA,NA,"31_100|32_100|40_100|41_100","NEON.DOC.000987vJ","Y",NA,"N","Y","Y","N","N","N","N","N","N","N",NA,"noneSelected","noneSelected",NA,"noneSelected",400,400,400,NA,400,NA,NA,NA,NA,"20260106T154824Z","RELEASE-2026"
"769410d7-956e-4843-8801-bb375a1b84a3","MLBS_007.basePlot.vst",2019-11-05,NA,"D07","MLBS","MLBS_007","distributed","deciduousForest",37.427946,-80.571837,"WGS84",20.1,537881.79,4142433.55,"17N",806.2,0.2,NA,"vst_MLBS_2019",NA,NA,"31_100|32_100|40_100|41_100","NEON.DOC.000987vJ","Y",NA,"N","Y","Y","N","N","N","N","N","N","N",NA,"10","noneSelected",NA,"noneSelected",400,80,400,NA,400,NA,NA,NA,NA,"20260106T154824Z","RELEASE-2026"
"0a93fa06-d5bd-4022-be1d-d560e92bedfd","MLBS_010.basePlot.vst",2019-11-06,NA,"D07","MLBS","MLBS_010","distributed","deciduousForest",37.365565,-80.526343,"WGS84",20.1,541941.65,4135532.15,"17N",1237,0.2,NA,"vst_MLBS_2019",NA,NA,"31_100|32_100|40_100|41_100","NEON.DOC.000987vJ","Y",NA,"N","Y","Y","N","N","N","N","N","N","N",NA,"noneSelected","noneSelected",NA,"noneSelected",400,400,400,NA,400,NA,NA,NA,NA,"20260106T154824Z","RELEASE-2026"
"5c3b6750-16da-476e-8f58-9e192afae007","MLBS_063.basePlot.vst",2021-03-29,NA,"D07","MLBS","MLBS_063","tower","deciduousForest",37.377486,-80.527932,"WGS84",20.3,541794.33,4136853.98,"17N",1175.7,0.4,"OK","vst_MLBS_2020","towerSubset","allGrowthForms","23_400|41_400","NEON.DOC.000987vJ","Y","Y","N","Y","Y","N","N","N","N","N","N","N",NA,"100","noneSelected","noneSelected","noneSelected",800,400,800,800,800,NA,NA,NA,NA,"20260106T154503Z","RELEASE-2026"
"0042c7df-3219-4a2e-9459-baa20e3025c5","MLBS_062.basePlot.vst",2021-03-30,NA,"D07","MLBS","MLBS_062","tower","deciduousForest",37.374226,-80.526254,"WGS84",20.3,541944.71,4136493.05,"17N",1170.5,0.6,"OK","vst_MLBS_2020","towerSubset","allGrowthForms","23_400|39_400","NEON.DOC.000987vJ","Y","Y","N","Y","Y","N","N","N","N","N","N","N",NA,"100","noneSelected","noneSelected","noneSelected",800,400,800,800,800,NA,NA,NA,NA,"20260106T154503Z","RELEASE-2026"
"68d5c6df-1bde-4f29-85f9-3bf8d4e52af6","MLBS_064.basePlot.vst",2021-03-30,NA,"D07","MLBS","MLBS_064","tower","deciduousForest",37.375562,-80.520174,"WGS84",20.3,542482.27,4136643.99,"17N",1177.3,0.3,"OK","vst_MLBS_2020","towerSubset","allGrowthForms","21_400|41_400","NEON.DOC.000987vJ","Y","Y","N","Y","Y","N","N","N","N","N","N","N",NA,"100","noneSelected","noneSelected","noneSelected",800,400,800,800,800,NA,NA,NA,NA,"20260106T154503Z","RELEASE-2026"
"767a474a-a369-4b11-acb7-af00daf5f09b","MLBS_061.basePlot.vst",2021-03-31,NA,"D07","MLBS","MLBS_061","tower","deciduousForest",37.376631,-80.5198,"WGS84",20.1,542514.78,4136762.76,"17N",1169,0.2,"OK","vst_MLBS_2020","towerSubset","allGrowthForms","23_400|41_400","NEON.DOC.000987vJ","Y","Y","N","Y","Y","N","N","N","N","N","N","N",NA,"100","noneSelected","noneSelected","noneSelected",800,400,800,800,800,NA,NA,NA,NA,"20260106T154503Z","RELEASE-2026"
"f7bea593-3ed4-48dc-ac46-e5ca690a63cf","MLBS_073.basePlot.vst",2017-10-02,NA,"D07","MLBS","MLBS_073","tower","deciduousForest",37.378019,-80.525926,"WGS84",20.3,541971.63,4136914,"17N",1172.5,0.3,NA,"vst_MLBS_2017",NA,NA,"23_400|41_400","NEON.DOC.000987vG","Y",NA,NA,"Y","Y","N","N","Y","N","N","N","N",NA,"noneSelected","noneSelected",NA,"10",800,800,800,NA,40,NA,"aferchaud@battelleecology.org","mcumberland@battelleecology.org",NA,"20260106T155625Z","RELEASE-2026"
"97148fef-9329-48d2-ba16-3b8bbf00b2b2","MLBS_066.basePlot.vst",2017-10-02,NA,"D07","MLBS","MLBS_066","tower","deciduousForest",37.376918,-80.525892,"WGS84",20.1,541975.26,4136791.87,"17N",1172.6,0.2,NA,"vst_MLBS_2017",NA,NA,"23_400|41_400","NEON.DOC.000987vG","Y",NA,NA,"Y","Y","N","N","Y","N","N","N","N",NA,"noneSelected","noneSelected",NA,"10",800,800,800,NA,40,NA,"aferchaud@battelleecology.org","mcumberland@battelleecology.org",NA,"20260106T155625Z","RELEASE-2026"
"4618e536-1b9e-47c0-a684-38eb16a24fef","MLBS_071.basePlot.vst",2017-10-02,NA,"D07","MLBS","MLBS_071","tower","deciduousForest",37.37664,-80.524185,"WGS84",20.2,542126.54,4136761.79,"17N",1169.5,0.2,NA,"vst_MLBS_2017",NA,NA,"21_400|23_400","NEON.DOC.000987vG","Y",NA,NA,"Y","Y","N","N","Y","N","N","N","N",NA,"noneSelected","noneSelected",NA,"1",800,800,800,NA,4,NA,"aferchaud@battelleecology.org","mcumberland@battelleecology.org",NA,"20260106T155625Z","RELEASE-2026"
"db72a51b-9cac-4b31-af48-3bf96f89c139","MLBS_076.basePlot.vst",2017-10-03,NA,"D07","MLBS","MLBS_076","tower","deciduousForest",37.376397,-80.521192,"WGS84",20.2,542391.67,4136736.17,"17N",1170.9,0.3,NA,"vst_MLBS_2017",NA,NA,"23_400|39_400","NEON.DOC.000987vG","Y",NA,NA,"Y","Y","N","N","Y","N","N","N","N",NA,"noneSelected","noneSelected",NA,"10",800,800,800,NA,40,NA,"aferchaud@battelleecology.org","mcumberland@battelleecology.org",NA,"20260106T155625Z","RELEASE-2026"
"3bab7471-1386-4e6a-890c-53dee346318e","MLBS_061.basePlot.vst",2017-10-04,NA,"D07","MLBS","MLBS_061","tower","deciduousForest",37.376631,-80.5198,"WGS84",20.1,542514.78,4136762.76,"17N",1169,0.2,NA,"vst_MLBS_2017",NA,NA,"23_400|41_400","NEON.DOC.000987vG","Y",NA,NA,"Y","Y","N","N","Y","N","N","N","N",NA,"100","noneSelected",NA,"10",800,400,800,NA,40,NA,"aferchaud@battelleecology.org","mcumberland@battelleecology.org",NA,"20260106T155625Z","RELEASE-2026"
"40bbd71a-e027-4de0-a3b0-cc2013b751e6","MLBS_064.basePlot.vst",2017-10-05,NA,"D07","MLBS","MLBS_064","tower","deciduousForest",37.37556,-80.5202,"WGS84",20.3,542479.97,4136643.76,"17N",1179.4,0.3,NA,"vst_MLBS_2017",NA,NA,"21_400|41_400","NEON.DOC.000987vG","Y",NA,NA,"Y","Y","N","N","Y","N","N","N","N",NA,"100","noneSelected",NA,"100",800,400,800,NA,400,NA,"aferchaud@battelleecology.org","mcumberland@battelleecology.org",NA,"20260106T155625Z","RELEASE-2026"
"54f2aeff-4082-4ca5-b838-7f48baeb8516","MLBS_069.basePlot.vst",2017-10-05,NA,"D07","MLBS","MLBS_069","tower","deciduousForest",37.377742,-80.522851,"WGS84",20.1,542244.03,4136884.64,"17N",1170.7,0.2,NA,"vst_MLBS_2017",NA,NA,"21_400|39_400","NEON.DOC.000987vG","Y",NA,NA,"Y","Y","N","N","Y","N","N","N","N",NA,"100","noneSelected",NA,"25",800,400,800,NA,100,NA,"aferchaud@battelleecology.org","mcumberland@battelleecology.org",NA,"20260106T155625Z","RELEASE-2026"
"04d96d6a-ce28-4d8d-95ca-d3fb21f5abb6","MLBS_072.basePlot.vst",2017-10-09,NA,"D07","MLBS","MLBS_072","tower","deciduousForest",37.375302,-80.525243,"WGS84",20.2,542033.62,4136612.88,"17N",1170.2,0.2,NA,"vst_MLBS_2017",NA,NA,"21_400|39_400","NEON.DOC.000987vG","Y",NA,NA,"Y","Y","N","N","Y","N","N","N","N",NA,"noneSelected","noneSelected",NA,"100",800,800,800,NA,400,NA,"lelmore@battelleecology.org","elaske@battelleecology.org",NA,"20260106T155625Z","RELEASE-2026"
"bb44acb3-48a5-4064-9777-2162d5145952","MLBS_063.basePlot.vst",2017-10-09,NA,"D07","MLBS","MLBS_063","tower","deciduousForest",37.377486,-80.527932,"WGS84",20.3,541794.33,4136853.98,"17N",1175.7,0.4,NA,"vst_MLBS_2017",NA,NA,"23_400|41_400","NEON.DOC.000987vG","Y",NA,NA,"Y","Y","N","N","Y","N","N","N","N",NA,"100","noneSelected",NA,"100",800,400,800,NA,400,NA,"lelmore@battelleecology.org","elaske@battelleecology.org",NA,"20260106T155625Z","RELEASE-2026"
"bea2cff6-85b1-4473-8fa3-4e1308abf4d3","MLBS_068.basePlot.vst",2017-10-09,NA,"D07","MLBS","MLBS_068","tower","deciduousForest",37.375876,-80.528303,"WGS84",20.1,541762.37,4136675.2,"17N",1166.6,0.3,NA,"vst_MLBS_2017",NA,NA,"21_400|23_400","NEON.DOC.000987vG","Y",NA,NA,"Y","Y","N","N","Y","N","N","N","N",NA,"100","noneSelected",NA,"10",800,400,800,NA,40,NA,"lelmore@battelleecology.org","elaske@battelleecology.org",NA,"20260106T155625Z","RELEASE-2026"
"711bb7f3-57c3-43df-bb6d-32d7e0e57bd9","MLBS_065.basePlot.vst",2017-10-09,NA,"D07","MLBS","MLBS_065","tower","deciduousForest",37.373423,-80.524934,"WGS84",20.1,542062.03,4136404.56,"17N",1165.1,0.1,NA,"vst_MLBS_2017",NA,NA,"21_400|41_400","NEON.DOC.000987vG","Y",NA,NA,"Y","Y","N","N","Y","N","N","N","N",NA,"noneSelected","noneSelected",NA,"100",800,800,800,NA,400,NA,"lelmore@battelleecology.org","elaske@battelleecology.org",NA,"20260106T155625Z","RELEASE-2026"
"15d1d220-38d2-4bba-99aa-231b77a6d7f4","MLBS_075.basePlot.vst",2017-10-09,NA,"D07","MLBS","MLBS_075","tower","deciduousForest",37.373405,-80.523564,"WGS84",20.1,542183.34,4136403.17,"17N",1170.1,0.1,NA,"vst_MLBS_2017",NA,NA,"39_400|41_400","NEON.DOC.000987vG","Y",NA,NA,"Y","Y","N","N","Y","N","N","N","N",NA,"100","noneSelected",NA,"10",800,400,800,NA,40,NA,"lelmore@battelleecology.org","elaske@battelleecology.org",NA,"20260106T155625Z","RELEASE-2026"
"c42a99a6-365f-40b5-b1fa-01999cbf6e2a","MLBS_070.basePlot.vst",2017-10-09,NA,"D07","MLBS","MLBS_070","tower","deciduousForest",37.375576,-80.526582,"WGS84",20.2,541914.91,4136642.68,"17N",1167.2,0.3,NA,"vst_MLBS_2017",NA,NA,"21_400|41_400","NEON.DOC.000987vG","Y",NA,NA,"Y","Y","N","N","Y","N","N","N","N",NA,"noneSelected","noneSelected",NA,"10",800,800,800,NA,40,NA,"lelmore@battelleecology.org","elaske@battelleecology.org",NA,"20260106T155625Z","RELEASE-2026"
"cc3c692b-ca20-4bb5-88f7-3d64d1d7a903","MLBS_062.basePlot.vst",2017-10-09,NA,"D07","MLBS","MLBS_062","tower","deciduousForest",37.374226,-80.526254,"WGS84",20.3,541944.71,4136493.05,"17N",1170.5,0.6,NA,"vst_MLBS_2017",NA,NA,"23_400|39_400","NEON.DOC.000987vG","Y",NA,NA,"Y","Y","N","N","Y","N","N","N","N",NA,"100","noneSelected",NA,"100",800,400,800,NA,400,NA,"lelmore@battelleecology.org","elaske@battelleecology.org",NA,"20260106T155625Z","RELEASE-2026"
"de775951-0924-4744-a14f-ef0996b05789","MLBS_074.basePlot.vst",2017-10-24,NA,"D07","MLBS","MLBS_074","tower","deciduousForest",37.377774,-80.524592,"WGS84",20.1,542089.87,4136887.41,"17N",1171.4,0.2,NA,"vst_MLBS_2017",NA,NA,"23_400|41_400","NEON.DOC.000987vG","Y",NA,NA,"Y","Y","N","N","Y","N","N","N","N",NA,"noneSelected","noneSelected",NA,"10",800,800,800,NA,40,NA,"aferchaud@battelleecology.org","mcumberland@battelleecology.org",NA,"20260106T155625Z","RELEASE-2026"
"c98d7f72-d41d-4eb3-a073-0d4c729d7d8a","MLBS_067.basePlot.vst",2017-10-24,NA,"D07","MLBS","MLBS_067","tower","deciduousForest",37.378569,-80.527279,"WGS84",20.1,541851.54,4136974.42,"17N",1171.6,0.3,NA,"vst_MLBS_2017",NA,NA,"21_400|41_400","NEON.DOC.000987vG","Y",NA,NA,"Y","Y","N","N","Y","N","N","N","N",NA,"100","noneSelected",NA,"10",800,400,800,NA,40,NA,"aferchaud@battelleecology.org","mcumberland@battelleecology.org",NA,"20260106T155625Z","RELEASE-2026"
"40fe11a5-7d81-4e34-b17c-e2257e3a1ef9","MLBS_065.basePlot.vst",2021-04-01,NA,"D07","MLBS","MLBS_065","tower","deciduousForest",37.373423,-80.524934,"WGS84",20.1,542062.03,4136404.56,"17N",1165.1,0.1,"OK","vst_MLBS_2020","towerSubset","allGrowthForms","21_400|41_400","NEON.DOC.000987vJ","Y","Y","N","Y","Y","N","N","N","N","N","N","N",NA,"noneSelected","noneSelected","noneSelected","noneSelected",800,800,800,800,800,NA,NA,NA,NA,"20260106T154545Z","RELEASE-2026"
"87d5fc65-f9a6-4bf8-a4dc-c5886255b643","MLBS_009.basePlot.vst",2019-10-07,NA,"D07","MLBS","MLBS_009","distributed","deciduousForest",37.374434,-80.518487,"WGS84",20.2,542632.27,4136519.61,"17N",1177.6,0.2,NA,"vst_MLBS_2019",NA,NA,"31_100|32_100|40_100|41_100","NEON.DOC.000987vJ","Y",NA,"N","Y","Y","N","N","N","N","N","N","N",NA,"25","noneSelected",NA,"noneSelected",400,200,400,NA,400,NA,NA,NA,NA,"20260106T155930Z","RELEASE-2026"
"f7c1e60f-dced-4fd8-94c9-c81079a3dfb2","MLBS_002.basePlot.vst",2019-10-08,NA,"D07","MLBS","MLBS_002","distributed","deciduousForest",37.372058,-80.524252,"WGS84",20.2,542123.17,4136253.43,"17N",1178.5,0.3,NA,"vst_MLBS_2019",NA,NA,"31_100|32_100|40_100|41_100","NEON.DOC.000987vJ","Y",NA,"N","Y","Y","N","N","N","N","N","N","N",NA,"25","noneSelected",NA,"noneSelected",400,200,400,NA,400,NA,NA,NA,NA,"20260106T155930Z","RELEASE-2026"
"2891fb2f-9e31-4588-905f-75004077cc34","MLBS_012.basePlot.vst",2019-10-09,NA,"D07","MLBS","MLBS_012","distributed","deciduousForest",37.357284,-80.522508,"WGS84",20.1,542285.88,4134615.16,"17N",1284.3,0.2,NA,"vst_MLBS_2019",NA,NA,"31_100|32_100|40_100|41_100","NEON.DOC.000987vJ","Y",NA,"N","Y","Y","N","N","N","N","N","N","N",NA,"10","noneSelected",NA,"noneSelected",400,80,400,NA,400,NA,NA,NA,NA,"20260106T155930Z","RELEASE-2026"
"6b53e352-b9ab-4fa4-886b-1527f588e641","MLBS_011.basePlot.vst",2019-10-09,NA,"D07","MLBS","MLBS_011","distributed","deciduousForest",37.359448,-80.521143,"WGS84",20.1,542405.54,4134855.85,"17N",1286.3,0.2,NA,"vst_MLBS_2019",NA,NA,"31_100|32_100|40_100|41_100","NEON.DOC.000987vJ","Y",NA,"N","Y","Y","N","N","N","N","N","N","N",NA,"25","noneSelected",NA,"noneSelected",400,200,400,NA,400,NA,NA,NA,NA,"20260106T155930Z","RELEASE-2026"
"52a90b2a-ff01-4710-bf29-ef8742e85f0e","MLBS_017.basePlot.vst",2019-10-10,NA,"D07","MLBS","MLBS_017","distributed","deciduousForest",37.358817,-80.526049,"WGS84",20.1,541971.44,4134783.65,"17N",1318.1,0.1,NA,"vst_MLBS_2019",NA,NA,"31_100|32_100|40_100|41_100","NEON.DOC.000987vJ","Y",NA,"N","Y","Y","N","N","N","N","N","N","N",NA,"10","noneSelected",NA,"noneSelected",400,80,400,NA,400,NA,NA,NA,NA,"20260106T155930Z","RELEASE-2026"
"9c8a5c50-cafe-4ffb-bbf7-f654f468a610","MLBS_001.basePlot.vst",2019-10-15,NA,"D07","MLBS","MLBS_001","distributed","deciduousForest",37.3607,-80.524992,"WGS84",20.2,542063.99,4134993.03,"17N",1310.9,0.2,NA,"vst_MLBS_2019",NA,NA,"31_100|32_100|40_100|41_100","NEON.DOC.000987vJ","Y",NA,"N","Y","Y","N","N","N","N","N","N","N",NA,"noneSelected","noneSelected",NA,"noneSelected",400,400,400,NA,400,NA,NA,NA,NA,"20260106T155930Z","RELEASE-2026"
"b8a4aafb-5625-4362-9b5d-39bc63ee3acc","MLBS_005.basePlot.vst",2019-10-15,NA,"D07","MLBS","MLBS_005","distributed","deciduousForest",37.363106,-80.521589,"WGS84",20.2,542363.99,4135261.47,"17N",1266.8,0.3,NA,"vst_MLBS_2019",NA,NA,"31_100|32_100|40_100|41_100","NEON.DOC.000987vJ","Y",NA,"N","Y","Y","N","N","N","N","N","N","N",NA,"noneSelected","noneSelected",NA,"noneSelected",400,400,400,NA,400,NA,NA,NA,NA,"20260106T155930Z","RELEASE-2026"
"535b8549-1fa6-4778-b9c2-daf2f57a6bb4","MLBS_008.basePlot.vst",2019-10-16,NA,"D07","MLBS","MLBS_008","distributed","deciduousForest",37.426865,-80.499069,"WGS84",20.2,544320.63,4142345.35,"17N",939,0.3,NA,"vst_MLBS_2019",NA,NA,"31_100|32_100|40_100|41_100","NEON.DOC.000987vJ","Y",NA,"N","Y","Y","N","N","N","N","N","N","N",NA,"noneSelected","noneSelected",NA,"noneSelected",400,400,400,NA,400,NA,NA,NA,NA,"20260106T155930Z","RELEASE-2026"
"0ac60be1-30ce-4b50-b9e0-e469f53b1423","MLBS_018.basePlot.vst",2019-10-17,NA,"D07","MLBS","MLBS_018","distributed","deciduousForest",37.426259,-80.489231,"WGS84",20.3,545191.43,4142282.79,"17N",975.8,0.6,NA,"vst_MLBS_2019",NA,NA,"31_100|32_100|40_100|41_100","NEON.DOC.000987vJ","Y",NA,"N","Y","Y","N","N","N","N","N","N","N",NA,"noneSelected","noneSelected",NA,"noneSelected",400,400,400,NA,400,NA,NA,NA,NA,"20260106T155930Z","RELEASE-2026"
"da4e6fdf-a97b-48bb-9551-accee222ba2c","MLBS_004.basePlot.vst",2019-10-17,NA,"D07","MLBS","MLBS_004","distributed","deciduousForest",37.429342,-80.511896,"WGS84",20.1,543184.31,4142614.2,"17N",890.4,0.2,NA,"vst_MLBS_2019",NA,NA,"31_100|32_100|40_100|41_100","NEON.DOC.000987vJ","Y",NA,"N","Y","Y","N","N","N","N","N","N","N",NA,"10","noneSelected",NA,"noneSelected",400,80,400,NA,400,NA,NA,NA,NA,"20260106T155930Z","RELEASE-2026"
"848ff3c2-77d7-404d-80af-dfe3073c6004","MLBS_003.basePlot.vst",2019-10-21,NA,"D07","MLBS","MLBS_003","distributed","deciduousForest",37.368528,-80.526975,"WGS84",20.2,541884.04,4135860.59,"17N",1223.1,0.3,NA,"vst_MLBS_2019",NA,NA,"31_100|32_100|40_100|41_100","NEON.DOC.000987vJ","Y",NA,"N","Y","Y","N","N","N","N","N","N","N",NA,"noneSelected","noneSelected",NA,"noneSelected",400,400,400,NA,400,NA,NA,NA,NA,"20260106T155930Z","RELEASE-2026"
"cfa669f4-f80b-4380-a893-0f25c4deb7e1","MLBS_019.basePlot.vst",2019-10-22,NA,"D07","MLBS","MLBS_019","distributed","deciduousForest",37.42436,-80.551226,"WGS84",20.1,539707.25,4142044.2,"17N",785.3,0.2,NA,"vst_MLBS_2019",NA,NA,"31_100|32_100|40_100|41_100","NEON.DOC.000987vJ","Y",NA,"N","Y","Y","N","N","N","N","N","N","N",NA,"25","noneSelected",NA,"noneSelected",400,200,400,NA,400,NA,NA,NA,NA,"20260106T155930Z","RELEASE-2026"
"6dbdb823-d2a6-4bf5-878c-b9d01a8c0de1","MLBS_016.basePlot.vst",2019-10-22,NA,"D07","MLBS","MLBS_016","distributed","deciduousForest",37.415022,-80.574956,"WGS84",20.2,537612.3,4140998.49,"17N",760.9,0.4,NA,"vst_MLBS_2019",NA,NA,"31_100|32_100|40_100|41_100","NEON.DOC.000987vJ","Y",NA,"N","Y","Y","N","N","N","N","N","N","N",NA,"25","noneSelected",NA,"noneSelected",400,200,400,NA,400,NA,NA,NA,NA,"20260106T155930Z","RELEASE-2026"
"cf9fe3d5-92c2-44b2-ad7d-50e1ba371afe","MLBS_006.basePlot.vst",2019-10-23,NA,"D07","MLBS","MLBS_006","distributed","deciduousForest",37.426799,-80.564064,"WGS84",20.1,538570.1,4142309.46,"17N",777,0.2,NA,"vst_MLBS_2019",NA,NA,"31_100|32_100|40_100|41_100","NEON.DOC.000987vJ","Y",NA,"N","Y","Y","N","N","N","N","N","N","N",NA,"noneSelected","noneSelected",NA,"noneSelected",400,400,400,NA,400,NA,NA,NA,NA,"20260106T155930Z","RELEASE-2026"
"e0dc2d9c-696d-4f73-9a70-3c31f7c39ae1","MLBS_020.basePlot.vst",2019-10-23,NA,"D07","MLBS","MLBS_020","distributed","deciduousForest",37.427133,-80.568447,"WGS84",20.1,538182.13,4142344.73,"17N",785.7,0.1,NA,"vst_MLBS_2019",NA,NA,"31_100|32_100|40_100|41_100","NEON.DOC.000987vJ","Y",NA,"N","Y","Y","N","N","N","N","N","N","N",NA,"noneSelected","noneSelected",NA,"noneSelected",400,400,400,NA,400,NA,NA,NA,NA,"20260106T155930Z","RELEASE-2026"
"6933f333-e4e6-4afc-ad6d-be73541671b6","MLBS_013.basePlot.vst",2019-10-23,NA,"D07","MLBS","MLBS_013","distributed","deciduousForest",37.432507,-80.559608,"WGS84",20.2,538961.39,4142944.55,"17N",817.7,0.6,NA,"vst_MLBS_2019",NA,NA,"31_100|32_100|40_100|41_100","NEON.DOC.000987vJ","Y",NA,"N","Y","Y","N","N","N","N","N","N","N",NA,"10","noneSelected",NA,"noneSelected",400,80,400,NA,400,NA,NA,NA,NA,"20260106T155930Z","RELEASE-2026"
"1e1fb69d-35cd-4014-a0b2-3419ac98939d","MLBS_014.basePlot.vst",2019-10-24,NA,"D07","MLBS","MLBS_014","distributed","deciduousForest",37.417102,-80.557337,"WGS84",20.2,539170.33,4141236.42,"17N",784.4,0.2,NA,"vst_MLBS_2019",NA,NA,"31_100|32_100|40_100|41_100","NEON.DOC.000987vJ","Y",NA,"N","Y","Y","N","N","N","N","N","N","N",NA,"3","noneSelected",NA,"noneSelected",400,24,400,NA,400,NA,NA,NA,NA,"20260106T155930Z","RELEASE-2026"
"a0e64df3-c0b7-461e-9a19-f1bab258c8ec","MLBS_064.basePlot.vst",2021-10-04,NA,"D07","MLBS","MLBS_064","tower","deciduousForest",37.375562,-80.520174,"WGS84",20.3,542482.27,4136643.99,"17N",1177.3,0.3,"OK","vst_MLBS_2021","towerSubset","allGrowthForms","21_400|41_400","NEON.DOC.000987vJ","Y","Y","Y","Y","Y","N","N","Y","N","N","N","N",NA,"100","noneSelected","100","100",800,400,800,400,400,NA,NA,NA,NA,"20260106T155030Z","RELEASE-2026"
"7772052d-0dfe-4a99-8099-ddae8bd5d436","MLBS_061.basePlot.vst",2021-10-05,NA,"D07","MLBS","MLBS_061","tower","deciduousForest",37.376631,-80.5198,"WGS84",20.1,542514.78,4136762.76,"17N",1169,0.2,"OK","vst_MLBS_2021","towerSubset","allGrowthForms","23_400|41_400","NEON.DOC.000987vJ","Y","Y","Y","Y","Y","N","N","Y","N","N","N","N",NA,"100","noneSelected","3","3",800,400,800,12,12,NA,NA,NA,NA,"20260106T155030Z","RELEASE-2026"
"814f21e5-dc5b-489b-b5f7-44fd57fb127e","MLBS_063.basePlot.vst",2021-10-06,NA,"D07","MLBS","MLBS_063","tower","deciduousForest",37.377486,-80.527932,"WGS84",20.3,541794.33,4136853.98,"17N",1175.7,0.4,"OK","vst_MLBS_2021","towerSubset","allGrowthForms","23_400|41_400","NEON.DOC.000987vJ","Y","Y","Y","Y","Y","N","N","Y","N","N","N","N",NA,"100","noneSelected","100","100",800,400,800,400,400,NA,NA,NA,NA,"20260106T155030Z","RELEASE-2026"
"ad38a570-fc37-42a4-8e2c-9ed30bfb30bf","MLBS_062.basePlot.vst",2021-10-07,NA,"D07","MLBS","MLBS_062","tower","deciduousForest",37.374226,-80.526254,"WGS84",20.3,541944.71,4136493.05,"17N",1170.5,0.6,"OK","vst_MLBS_2021","towerSubset","allGrowthForms","23_400|39_400","NEON.DOC.000987vJ","Y","Y","N","Y","Y","N","N","N","N","N","N","N",NA,"100","noneSelected","noneSelected","noneSelected",800,400,800,800,800,NA,NA,NA,NA,"20260106T155030Z","RELEASE-2026"
"e3c4b99d-8c20-49db-a5b3-49fe7c2d3603","MLBS_069.basePlot.vst",2021-10-26,NA,"D07","MLBS","MLBS_069","tower","deciduousForest",37.377742,-80.522851,"WGS84",20.1,542244.03,4136884.64,"17N",1170.7,0.2,"OK","vst_MLBS_2021","towerSubset","allGrowthForms","21_400|39_400","NEON.DOC.000987vJ","Y","Y","Y","Y","Y","N","N","Y","N","N","N","N",NA,"100","noneSelected","25","25",800,400,800,100,100,NA,NA,NA,NA,"20260106T155030Z","RELEASE-2026"
"4251bd2c-a22c-4605-a225-3be93a13a96f","MLBS_067.basePlot.vst",2021-10-27,NA,"D07","MLBS","MLBS_067","tower","deciduousForest",37.378569,-80.527279,"WGS84",20.1,541851.54,4136974.42,"17N",1171.6,0.3,"OK","vst_MLBS_2021","towerSubset","allGrowthForms","21_400|41_400","NEON.DOC.000987vJ","Y","Y","Y","Y","Y","N","N","Y","N","N","N","N",NA,"100","noneSelected","1","1",800,400,800,4,4,NA,NA,NA,NA,"20260106T155030Z","RELEASE-2026"
"f98dbd64-030a-44e2-8691-967fcb709277","MLBS_072.basePlot.vst",2022-07-11,NA,"D07","MLBS","MLBS_072","tower","deciduousForest",37.375302,-80.525243,"WGS84",20.2,542033.62,4136612.88,"17N",1170.2,0.2,"OK","vst_MLBS_2022","allTowerPlots","allGrowthForms","21_400|39_400","NEON.DOC.000987vK","Y","Y","Y","Y","Y","N","N","Y","N","N","N","N",NA,"noneSelected","noneSelected","1","1",800,800,800,4,4,NA,NA,NA,NA,"20260106T160254Z","RELEASE-2026"
"729c64af-4cdd-439e-bb91-292f70c0ebe4","MLBS_071.basePlot.vst",2022-07-11,NA,"D07","MLBS","MLBS_071","tower","deciduousForest",37.37664,-80.524185,"WGS84",20.2,542126.54,4136761.79,"17N",1169.5,0.2,"OK","vst_MLBS_2022","allTowerPlots","allGrowthForms","21_400|23_400","NEON.DOC.000987vK","Y","Y","Y","Y","Y","N","N","Y","N","N","N","N",NA,"noneSelected","noneSelected","1","1",800,800,800,4,4,NA,NA,NA,NA,"20260106T160254Z","RELEASE-2026"
"7ba79f4d-2e2c-4b81-9353-c7b4304016f1","MLBS_075.basePlot.vst",2022-07-11,NA,"D07","MLBS","MLBS_075","tower","deciduousForest",37.373405,-80.523564,"WGS84",20.1,542183.34,4136403.17,"17N",1170.1,0.1,"OK","vst_MLBS_2022","allTowerPlots","allGrowthForms","39_400|41_400","NEON.DOC.000987vK","Y","Y","Y","Y","Y","N","N","Y","N","N","N","N",NA,"100","noneSelected","25","25",800,400,800,100,100,NA,NA,NA,NA,"20260106T160254Z","RELEASE-2026"
"5bf0606b-5ef5-4d79-b0ec-c9030bf140b8","MLBS_065.basePlot.vst",2022-07-11,NA,"D07","MLBS","MLBS_065","tower","deciduousForest",37.373423,-80.524934,"WGS84",20.1,542062.03,4136404.56,"17N",1165.1,0.1,"OK","vst_MLBS_2022","allTowerPlots","allGrowthForms","21_400|41_400","NEON.DOC.000987vK","Y","Y","Y","Y","Y","N","N","Y","N","N","N","N",NA,"noneSelected","noneSelected","1","1",800,800,800,4,4,NA,NA,NA,NA,"20260106T160254Z","RELEASE-2026"
"6964ad51-feb2-4007-92d2-ac94f065b3df","MLBS_070.basePlot.vst",2022-07-11,NA,"D07","MLBS","MLBS_070","tower","deciduousForest",37.375576,-80.526582,"WGS84",20.2,541914.91,4136642.68,"17N",1167.2,0.3,"OK","vst_MLBS_2022","allTowerPlots","allGrowthForms","21_400|41_400","NEON.DOC.000987vK","Y","Y","Y","Y","Y","N","N","Y","N","N","N","N",NA,"noneSelected","noneSelected","1","1",800,800,800,4,4,NA,NA,NA,NA,"20260106T160254Z","RELEASE-2026"
"e68ecef0-8230-4482-8e1c-d636700f8fb9","MLBS_074.basePlot.vst",2022-07-11,NA,"D07","MLBS","MLBS_074","tower","deciduousForest",37.377774,-80.524592,"WGS84",20.1,542089.87,4136887.41,"17N",1171.4,0.2,"OK","vst_MLBS_2022","allTowerPlots","allGrowthForms","23_400|41_400","NEON.DOC.000987vK","Y","Y","Y","Y","Y","N","N","Y","N","N","N","N",NA,"noneSelected","noneSelected","25","25",800,800,800,100,100,NA,NA,NA,NA,"20260106T160254Z","RELEASE-2026"
"1958ce30-b4a9-46f1-84ad-fc1aa99613f2","MLBS_062.basePlot.vst",2022-07-11,NA,"D07","MLBS","MLBS_062","tower","deciduousForest",37.374226,-80.526254,"WGS84",20.3,541944.71,4136493.05,"17N",1170.5,0.6,"OK","vst_MLBS_2022","allTowerPlots","allGrowthForms","23_400|39_400","NEON.DOC.000987vK","Y","Y","N","Y","Y","N","N","N","N","N","N","N",NA,"100","noneSelected","noneSelected","noneSelected",800,400,800,800,800,NA,NA,NA,NA,"20260106T160254Z","RELEASE-2026"
"4b2bf5d5-1a52-4811-8216-4d52aae883f5","MLBS_067.basePlot.vst",2022-07-12,NA,"D07","MLBS","MLBS_067","tower","deciduousForest",37.378569,-80.527279,"WGS84",20.1,541851.54,4136974.42,"17N",1171.6,0.3,"OK","vst_MLBS_2022","allTowerPlots","allGrowthForms","21_400|41_400","NEON.DOC.000987vK","Y","Y","Y","Y","Y","N","N","Y","N","N","N","N",NA,"100","noneSelected","1","1",800,400,800,4,4,NA,NA,NA,NA,"20260106T160254Z","RELEASE-2026"
"8e3e0aef-924d-4f72-b810-71702d6c5b25","MLBS_068.basePlot.vst",2022-07-12,NA,"D07","MLBS","MLBS_068","tower","deciduousForest",37.375876,-80.528303,"WGS84",20.1,541762.37,4136675.2,"17N",1166.6,0.3,"OK","vst_MLBS_2022","allTowerPlots","allGrowthForms","21_400|23_400","NEON.DOC.000987vK","Y","Y","Y","Y","Y","N","N","Y","N","N","N","N",NA,"noneSelected","noneSelected","noneSelected","noneSelected",800,800,800,800,800,NA,NA,NA,NA,"20260106T160254Z","RELEASE-2026"
"68f2a028-4bcf-47f4-811f-7f2313d27003","MLBS_073.basePlot.vst",2022-07-12,NA,"D07","MLBS","MLBS_073","tower","deciduousForest",37.378019,-80.525926,"WGS84",20.3,541971.63,4136914,"17N",1172.5,0.3,"OK","vst_MLBS_2022","allTowerPlots","allGrowthForms","23_400|41_400","NEON.DOC.000987vK","Y","Y","Y","Y","Y","N","N","Y","N","N","N","N",NA,"noneSelected","noneSelected","3","3",800,800,800,12,12,NA,NA,NA,NA,"20260106T160254Z","RELEASE-2026"
"3af8629b-b18f-45a8-b30c-2238dee4e07e","MLBS_063.basePlot.vst",2022-07-12,NA,"D07","MLBS","MLBS_063","tower","deciduousForest",37.377486,-80.527932,"WGS84",20.3,541794.33,4136853.98,"17N",1175.7,0.4,"OK","vst_MLBS_2022","allTowerPlots","allGrowthForms","23_400|41_400","NEON.DOC.000987vK","Y","Y","Y","Y","Y","N","N","Y","N","N","N","N",NA,"100","noneSelected","100","100",800,400,800,400,400,NA,NA,NA,NA,"20260106T160254Z","RELEASE-2026"
"f98e3598-c59a-4082-85b1-ac6d776776f9","MLBS_066.basePlot.vst",2022-07-13,NA,"D07","MLBS","MLBS_066","tower","deciduousForest",37.376918,-80.525892,"WGS84",20.1,541975.26,4136791.87,"17N",1172.6,0.2,"OK","vst_MLBS_2022","allTowerPlots","allGrowthForms","23_400|41_400","NEON.DOC.000987vK","Y","Y","Y","Y","Y","N","N","Y","N","N","N","N",NA,"noneSelected","noneSelected","1","1",800,800,800,4,4,NA,NA,NA,NA,"20260106T160254Z","RELEASE-2026"
"06087985-27bd-4194-bea3-317d6d4a06c4","MLBS_061.basePlot.vst",2022-07-13,NA,"D07","MLBS","MLBS_061","tower","deciduousForest",37.376631,-80.5198,"WGS84",20.1,542514.78,4136762.76,"17N",1169,0.2,"OK","vst_MLBS_2022","allTowerPlots","allGrowthForms","23_400|41_400","NEON.DOC.000987vK","Y","Y","Y","Y","Y","N","N","Y","N","N","N","N",NA,"100","noneSelected","3","3",800,400,800,12,12,NA,NA,NA,NA,"20260106T160254Z","RELEASE-2026"
"00c82b80-8693-4aee-a36a-d006fe344f3c","MLBS_076.basePlot.vst",2022-07-13,NA,"D07","MLBS","MLBS_076","tower","deciduousForest",37.376397,-80.521192,"WGS84",20.2,542391.67,4136736.17,"17N",1170.9,0.3,"OK","vst_MLBS_2022","allTowerPlots","allGrowthForms","23_400|39_400","NEON.DOC.000987vK","Y","Y","Y","Y","Y","N","N","Y","N","N","N","N",NA,"noneSelected","noneSelected","3","3",800,800,800,12,12,NA,NA,NA,NA,"20260106T160254Z","RELEASE-2026"
"3d728575-1853-48d3-8fdf-1b30d360ca15","MLBS_064.basePlot.vst",2022-07-14,NA,"D07","MLBS","MLBS_064","tower","deciduousForest",37.375562,-80.520174,"WGS84",20.3,542482.27,4136643.99,"17N",1177.3,0.3,"OK","vst_MLBS_2022","allTowerPlots","allGrowthForms","21_400|41_400","NEON.DOC.000987vK","Y","Y","Y","Y","Y","N","N","Y","N","N","N","N",NA,"100","noneSelected","100","100",800,400,800,400,400,NA,NA,NA,NA,"20260106T160254Z","RELEASE-2026"
"339b1d4e-1b5c-4c7b-9855-2f45264b9c3e","MLBS_069.basePlot.vst",2022-07-19,NA,"D07","MLBS","MLBS_069","tower","deciduousForest",37.377742,-80.522851,"WGS84",20.1,542244.03,4136884.64,"17N",1170.7,0.2,"OK","vst_MLBS_2022","allTowerPlots","allGrowthForms","21_400|39_400","NEON.DOC.000987vK","Y","Y","Y","Y","Y","N","N","Y","N","N","N","N",NA,"100","noneSelected","25","25",800,400,800,100,100,NA,NA,NA,NA,"20260106T160254Z","RELEASE-2026"
"80bde1ab-e19b-45dc-980a-7d46b23d09fb","MLBS_064.basePlot.vst",2023-09-26,NA,"D07","MLBS","MLBS_064","tower","deciduousForest",37.375562,-80.520174,"WGS84",20.3,542482.27,4136643.99,"17N",1177.3,0.3,"OK","vst_MLBS_2023","towerSubset","allGrowthForms","21_400|41_400","NEON.DOC.000987vM","Y","Y","Y","Present - sampled","Present - sampled","N","N","Present - sampled","N","N","N","N","N","100","noneSelected","100","noneSelected",800,400,800,400,800,NA,NA,NA,NA,"20260106T154948Z","RELEASE-2026"
"8b92e6fe-af0d-4486-9872-01ac9693baae","MLBS_063.basePlot.vst",2023-09-27,NA,"D07","MLBS","MLBS_063","tower","deciduousForest",37.377486,-80.527932,"WGS84",20.3,541794.33,4136853.98,"17N",1175.7,0.4,"OK","vst_MLBS_2023","towerSubset","allGrowthForms","23_400|41_400","NEON.DOC.000987vM","Y","Y","Y","Present - sampled","Present - sampled","N","N","Present - sampled","N","N","N","N","N","100","noneSelected","100","noneSelected",800,400,800,400,800,NA,NA,NA,NA,"20260106T154948Z","RELEASE-2026"
"f50163b4-6d4e-4382-bf68-ad0d03d40a38","MLBS_067.basePlot.vst",2023-09-27,NA,"D07","MLBS","MLBS_067","tower","deciduousForest",37.378569,-80.527279,"WGS84",20.1,541851.54,4136974.42,"17N",1171.6,0.3,"OK","vst_MLBS_2023","towerSubset","allGrowthForms","21_400|41_400","NEON.DOC.000987vM","Y","Y","Y","Present - sampled","Present - sampled","N","N","Present - sampled","N","N","N","N","N","100","noneSelected","1","noneSelected",800,400,800,4,800,NA,NA,NA,NA,"20260106T154948Z","RELEASE-2026"
"8f93eb03-e9c6-4baf-8a47-720410a26911","MLBS_061.basePlot.vst",2023-10-04,NA,"D07","MLBS","MLBS_061","tower","deciduousForest",37.376631,-80.5198,"WGS84",20.1,542514.78,4136762.76,"17N",1169,0.2,"OK","vst_MLBS_2023","towerSubset","allGrowthForms","23_400|41_400","NEON.DOC.000987vM","Y","Y","Y","Present - sampled","Present - sampled","N","N","Present - sampled","N","N","N","N","N","100","noneSelected","3","noneSelected",800,400,800,12,800,NA,NA,NA,NA,"20260106T160319Z","RELEASE-2026"
"efdac377-9316-40ac-98c8-97f6f05dbf07","MLBS_069.basePlot.vst",2023-10-05,NA,"D07","MLBS","MLBS_069","tower","deciduousForest",37.377742,-80.522851,"WGS84",20.1,542244.03,4136884.64,"17N",1170.7,0.2,"OK","vst_MLBS_2023","towerSubset","allGrowthForms","21_400|39_400","NEON.DOC.000987vM","Y","Y","Y","Present - sampled","Present - sampled","N","N","Present - sampled","N","N","N","N","N","100","noneSelected","25","noneSelected",800,400,800,100,800,NA,NA,NA,NA,"20260106T160319Z","RELEASE-2026"
"4f3c17fa-16b6-458a-9701-57c9b400504f","MLBS_064.basePlot.vst",2024-09-23,NA,"D07","MLBS","MLBS_064","tower","deciduousForest",37.375562,-80.520174,"WGS84",20.3,542482.27,4136643.99,"17N",1177.3,0.3,"OK","vst_MLBS_2024","distributedAndTowerSubset","allGrowthForms","21_400|41_400","NEON.DOC.000987vJ","Y","Y","Y","Present - sampled","Present - sampled","N","N","Present - sampled","N","N","N","N","N","100","noneSelected","100","noneSelected",800,400,800,400,800,NA,NA,NA,NA,"20260106T155020Z","RELEASE-2026"
"c994cc6c-0d95-4a12-930c-0c75dd9aa51a","MLBS_061.basePlot.vst",2024-09-24,NA,"D07","MLBS","MLBS_061","tower","deciduousForest",37.376631,-80.5198,"WGS84",20.1,542514.78,4136762.76,"17N",1169,0.2,"OK","vst_MLBS_2024","distributedAndTowerSubset","allGrowthForms","23_400|41_400","NEON.DOC.000987vJ","Y","Y","Y","Present - sampled","Present - sampled","Present - sampled","N","Present - sampled","N","N","N","N","N","100","noneSelected","3","noneSelected",800,400,800,12,800,NA,NA,NA,NA,"20260106T155020Z","RELEASE-2026"
"ccf6e066-cce9-4909-9833-b28c28035b5e","MLBS_009.basePlot.vst",2024-09-25,NA,"D07","MLBS","MLBS_009","distributed","deciduousForest",37.374434,-80.518487,"WGS84",20.2,542632.27,4136519.61,"17N",1177.6,0.2,"OK","vst_MLBS_2024","distributedAndTowerSubset","allGrowthForms","31_100|32_100|40_100|41_100","NEON.DOC.000987vJ","Y","Y","Y","Present - sampled","Present - sampled","N","N","Present - sampled","N","N","N","N","N","25","noneSelected","noneSelected","noneSelected",400,200,400,400,400,NA,NA,NA,NA,"20260106T155020Z","RELEASE-2026"
"cdacae9e-5c2c-4432-a925-1efa2b444e94","MLBS_002.basePlot.vst",2024-09-25,NA,"D07","MLBS","MLBS_002","distributed","deciduousForest",37.372058,-80.524252,"WGS84",20.2,542123.17,4136253.43,"17N",1178.5,0.3,"OK","vst_MLBS_2024","distributedAndTowerSubset","allGrowthForms","31_100|32_100|40_100|41_100","NEON.DOC.000987vJ","Y","Y","N","Present - sampled","Present - sampled","N","N","N","N","N","N","N","N","25","noneSelected","noneSelected","noneSelected",400,200,400,400,400,NA,NA,NA,NA,"20260106T155020Z","RELEASE-2026"
"08df49ba-588f-4e7b-b321-6f82e1a94e6e","MLBS_069.basePlot.vst",2024-09-26,NA,"D07","MLBS","MLBS_069","tower","deciduousForest",37.377742,-80.522851,"WGS84",20.1,542244.03,4136884.64,"17N",1170.7,0.2,"OK","vst_MLBS_2024","distributedAndTowerSubset","allGrowthForms","21_400|39_400","NEON.DOC.000987vJ","Y","Y","Y","Present - sampled","Present - sampled","N","N","Present - sampled","N","N","N","N","N","100","noneSelected","25","noneSelected",800,400,800,100,800,NA,NA,NA,NA,"20260106T155020Z","RELEASE-2026"
"69625c78-ca68-4a30-b55c-6789e414c0e0","MLBS_067.basePlot.vst",2024-10-09,NA,"D07","MLBS","MLBS_067","tower","deciduousForest",37.378569,-80.527279,"WGS84",20.1,541851.54,4136974.42,"17N",1171.6,0.3,"OK","vst_MLBS_2024","distributedAndTowerSubset","allGrowthForms","21_400|41_400","NEON.DOC.000987vJ","Y","Y","Y","Present - sampled","Present - sampled","N","N","Present - sampled","N","N","N","N","N","100","noneSelected","1","noneSelected",800,400,800,4,800,NA,NA,NA,NA,"20260106T160305Z","RELEASE-2026"
"bc3c89da-3275-4399-b954-0b71a5c5df70","MLBS_063.basePlot.vst",2024-10-09,NA,"D07","MLBS","MLBS_063","tower","deciduousForest",37.377486,-80.527932,"WGS84",20.3,541794.33,4136853.98,"17N",1175.7,0.4,"OK","vst_MLBS_2024","distributedAndTowerSubset","allGrowthForms","23_400|41_400","NEON.DOC.000987vJ","Y","Y","Y","Present - sampled","Present - sampled","N","N","Present - sampled","N","N","N","N","N","100","noneSelected","100","noneSelected",800,400,800,400,800,NA,NA,NA,NA,"20260106T160305Z","RELEASE-2026"
"9ff6b9ad-c31b-40b8-8956-14ca115805bb","MLBS_010.basePlot.vst",2024-10-10,NA,"D07","MLBS","MLBS_010","distributed","deciduousForest",37.365565,-80.526343,"WGS84",20.1,541941.65,4135532.15,"17N",1237,0.2,"OK","vst_MLBS_2024","distributedAndTowerSubset","allGrowthForms","31_100|32_100|40_100|41_100","NEON.DOC.000987vJ","Y","Y","Y","Present - sampled","Present - sampled","N","N","Present - sampling criteria not met","N","N","N","N","N","noneSelected","noneSelected","noneSelected","noneSelected",400,400,400,NA,400,NA,NA,NA,NA,"20260106T160305Z","RELEASE-2026"
"32cac685-cb49-4058-a709-7d8ad16a802c","MLBS_003.basePlot.vst",2024-10-15,NA,"D07","MLBS","MLBS_003","distributed","deciduousForest",37.368528,-80.526975,"WGS84",20.2,541884.04,4135860.59,"17N",1223.1,0.3,"OK","vst_MLBS_2024","distributedAndTowerSubset","allGrowthForms","31_100|32_100|40_100|41_100","NEON.DOC.000987vM","Y","Y","N","Present - sampled","Present - sampled","N","N","N","N","N","N","N","N","noneSelected","noneSelected","noneSelected","noneSelected",400,400,400,400,400,NA,NA,NA,NA,"20260106T160305Z","RELEASE-2026"
"34f663a9-9ced-4743-a71e-536f7b8302c8","MLBS_006.basePlot.vst",2024-10-16,NA,"D07","MLBS","MLBS_006","distributed","deciduousForest",37.426799,-80.564064,"WGS84",20.1,538570.1,4142309.46,"17N",777,0.2,"OK","vst_MLBS_2024","distributedAndTowerSubset","allGrowthForms","31_100|32_100|40_100|41_100","NEON.DOC.000987vM","Y","Y","N","Present - sampled","Present - sampled","N","N","N","N","N","N","N","N","noneSelected","noneSelected","noneSelected","noneSelected",400,400,400,400,400,NA,NA,NA,NA,"20260106T160305Z","RELEASE-2026"
"ec06a727-e289-490f-9691-8cafe67e3ca3","MLBS_007.basePlot.vst",2024-10-17,NA,"D07","MLBS","MLBS_007","distributed","deciduousForest",37.427946,-80.571837,"WGS84",20.1,537881.79,4142433.55,"17N",806.2,0.2,"OK","vst_MLBS_2024","distributedAndTowerSubset","allGrowthForms","31_100|32_100|40_100|41_100","NEON.DOC.000987vM","Y","Y","N","Present - sampled","Present - sampled","N","N","N","N","N","N","N","N","10","noneSelected","noneSelected","noneSelected",400,80,400,400,400,NA,NA,NA,NA,"20260106T160305Z","RELEASE-2026"
"059d3d36-4f9d-4a1e-8cf5-89f96a52fd81","MLBS_005.basePlot.vst",2024-10-22,NA,"D07","MLBS","MLBS_005","distributed","deciduousForest",37.363106,-80.521589,"WGS84",20.2,542363.99,4135261.47,"17N",1266.8,0.3,"OK","vst_MLBS_2024","distributedAndTowerSubset","allGrowthForms","31_100|32_100|40_100|41_100","NEON.DOC.000987vM","Y","Y","Y","Present - sampled","Present - sampled","N","N","Present - sampling criteria not met","N","N","N","N","N","noneSelected","noneSelected","noneSelected","noneSelected",400,400,400,NA,400,NA,NA,NA,NA,"20260106T160305Z","RELEASE-2026"
"1e48a2a3-cae3-4ab0-a398-32b6e235c64f","MLBS_011.basePlot.vst",2024-10-23,NA,"D07","MLBS","MLBS_011","distributed","deciduousForest",37.359448,-80.521143,"WGS84",20.1,542405.54,4134855.85,"17N",1286.3,0.2,"OK","vst_MLBS_2024","distributedAndTowerSubset","allGrowthForms","31_100|32_100|40_100|41_100","NEON.DOC.000987vM","Y","Y","Y","Present - sampled","Present - sampled","N","N","Present - sampling criteria not met","N","N","N","N","N","25","noneSelected","noneSelected","noneSelected",400,200,400,NA,400,NA,NA,NA,NA,"20260106T160305Z","RELEASE-2026"
"db0a288f-f31f-409f-a35c-a7ad5b5fe1df","MLBS_001.basePlot.vst",2024-10-23,NA,"D07","MLBS","MLBS_001","distributed","deciduousForest",37.3607,-80.524992,"WGS84",20.2,542063.99,4134993.03,"17N",1310.9,0.2,"OK","vst_MLBS_2024","distributedAndTowerSubset","allGrowthForms","31_100|32_100|40_100|41_100","NEON.DOC.000987vM","Y","Y","Y","Present - sampled","Present - sampled","N","N","Present - sampling criteria not met","N","N","N","N","N","noneSelected","noneSelected","noneSelected","noneSelected",400,400,400,NA,400,NA,NA,NA,NA,"20260106T160305Z","RELEASE-2026"
"0c58d729-e0ec-4ff3-8fc4-b9aaf2ae1d4b","MLBS_017.basePlot.vst",2024-10-29,NA,"D07","MLBS","MLBS_017","distributed","deciduousForest",37.358817,-80.526049,"WGS84",20.1,541971.44,4134783.65,"17N",1318.1,0.1,"OK","vst_MLBS_2024","distributedAndTowerSubset","allGrowthForms","31_100|32_100|40_100|41_100","NEON.DOC.000987vM","Y","Y","N","Present - sampled","Present - sampled","N","N","N","N","N","N","N","N","10","noneSelected","noneSelected","noneSelected",400,80,400,400,400,NA,NA,NA,NA,"20260106T160305Z","RELEASE-2026"
"cd0c6fd2-9728-41bb-92e6-2932943953eb","MLBS_012.basePlot.vst",2024-10-30,NA,"D07","MLBS","MLBS_012","distributed","deciduousForest",37.357284,-80.522508,"WGS84",20.1,542285.88,4134615.16,"17N",1284.3,0.2,"OK","vst_MLBS_2024","distributedAndTowerSubset","allGrowthForms","31_100|32_100|40_100|41_100","NEON.DOC.000987vM","Y","Y","N","Present - sampled","Present - sampled","N","N","N","N","N","N","N","N","10","noneSelected","noneSelected","noneSelected",400,80,400,400,400,NA,NA,NA,NA,"20260106T160305Z","RELEASE-2026"
"996069bb-12da-4917-a356-ff24cac1cf52","MLBS_013.basePlot.vst",2024-11-05,NA,"D07","MLBS","MLBS_013","distributed","deciduousForest",37.432507,-80.559608,"WGS84",20.2,538961.39,4142944.55,"17N",817.7,0.6,"OK","vst_MLBS_2024","distributedAndTowerSubset","allGrowthForms","31_100|32_100|40_100|41_100","NEON.DOC.000987vJ","Y","Y","N","Present - sampled","Present - sampled","N","N","N","N","N","N","N","N","10","noneSelected","noneSelected","noneSelected",400,80,400,400,400,NA,NA,NA,NA,"20260106T155652Z","RELEASE-2026"
"41e707da-72ee-40ff-8858-ed63a937682d","MLBS_004.basePlot.vst",2024-11-05,NA,"D07","MLBS","MLBS_004","distributed","deciduousForest",37.429342,-80.511896,"WGS84",20.1,543184.31,4142614.2,"17N",890.4,0.2,"OK","vst_MLBS_2024","distributedAndTowerSubset","allGrowthForms","31_100|32_100|40_100|41_100","NEON.DOC.000987vJ","Y","Y","N","Present - sampled","Present - sampled","N","N","N","N","N","N","N","N","10","noneSelected","noneSelected","noneSelected",400,80,400,400,400,NA,NA,NA,NA,"20260106T155652Z","RELEASE-2026"
"e202df50-28b8-460a-8c82-6f21025ac525","MLBS_015.basePlot.vst",2024-11-06,NA,"D07","MLBS","MLBS_015","distributed","deciduousForest",37.414692,-80.568195,"WGS84",20.1,538210.75,4140964.6,"17N",786.3,0.2,"OK","vst_MLBS_2024","distributedAndTowerSubset","allGrowthForms","31_100|32_100|40_100|41_100","NEON.DOC.000987vJ","Y","Y","Y","Present - sampled","Present - sampled","N","N","Present - sampling criteria not met","N","N","N","N","N","noneSelected","noneSelected","noneSelected","noneSelected",400,400,400,NA,400,NA,NA,NA,NA,"20260106T155652Z","RELEASE-2026"
"ff1439a1-9c62-4585-86e7-7e58d9a3fb39","MLBS_008.basePlot.vst",2024-11-06,NA,"D07","MLBS","MLBS_008","distributed","deciduousForest",37.426865,-80.499069,"WGS84",20.2,544320.63,4142345.35,"17N",939,0.3,"OK","vst_MLBS_2024","distributedAndTowerSubset","allGrowthForms","31_100|32_100|40_100|41_100","NEON.DOC.000987vJ","Y","Y","Y","Present - sampled","Present - sampled","N","N","Present - sampling criteria not met","N","N","N","N","N","noneSelected","noneSelected","noneSelected","noneSelected",400,400,400,NA,400,NA,NA,NA,NA,"20260106T155652Z","RELEASE-2026"
"8dd6c7ab-2aed-4762-b310-f8202fe8e9e9","MLBS_014.basePlot.vst",2024-11-06,NA,"D07","MLBS","MLBS_014","distributed","deciduousForest",37.417102,-80.557337,"WGS84",20.2,539170.33,4141236.42,"17N",784.4,0.2,"OK","vst_MLBS_2024","distributedAndTowerSubset","allGrowthForms","31_100|32_100|40_100|41_100","NEON.DOC.000987vJ","Y","Y","N","Present - sampled","Present - sampled","N","N","N","N","N","N","N","N","3","noneSelected","noneSelected","noneSelected",400,24,400,400,400,NA,NA,NA,NA,"20260106T155652Z","RELEASE-2026"
"e2f21c2a-3af8-40ef-8e2a-6aa3c1c17506","MLBS_016.basePlot.vst",2024-11-11,NA,"D07","MLBS","MLBS_016","distributed","deciduousForest",37.415022,-80.574956,"WGS84",20.2,537612.3,4140998.49,"17N",760.9,0.4,"OK","vst_MLBS_2024","distributedAndTowerSubset","allGrowthForms","31_100|32_100|40_100|41_100","NEON.DOC.000987vJ","Y","Y","N","Present - sampled","Present - sampled","N","N","N","N","N","N","N","N","25","noneSelected","noneSelected","noneSelected",400,200,400,400,400,NA,NA,NA,NA,"20260106T155652Z","RELEASE-2026"
"3c5d6c28-ebd6-460c-9603-97cab5cb69b1","MLBS_019.basePlot.vst",2024-11-12,NA,"D07","MLBS","MLBS_019","distributed","deciduousForest",37.42436,-80.551226,"WGS84",20.1,539707.25,4142044.2,"17N",785.3,0.2,"OK","vst_MLBS_2024","distributedAndTowerSubset","allGrowthForms","31_100|32_100|40_100|41_100","NEON.DOC.000987vJ","Y","Y","N","Present - sampled","Present - sampled","N","N","N","N","N","N","N","N","25","noneSelected","noneSelected","noneSelected",400,200,400,400,400,NA,NA,NA,NA,"20260106T155652Z","RELEASE-2026"
